"Identificador","Nome","Cpf"
"01J9Z3M6A7B2C4D5E6F7G8H9JK","Ana Paula Silva","123.456.789-01"
"01J9Z3M6A7B2C4D5E6F7G8H9JL","Bruno Henrique Souza","234.567.890-12"
"01J9Z3M6A7B2C4D5E6F7G8H9JM","Carla Menezes Rocha","345.678.901-23"
"01J9Z3M6A7B2C4D5E6F7G8H9JN","Daniel Augusto Lima","456.789.012-34"
"01J9Z3M6A7B2C4D5E6F7G8H9JP","Eduarda Martins Castro","567.890.123-45"
"01J9Z3M6A7B2C4D5E6F7G8H9JQ","Felipe Gonçalves Prado","678.901.234-56"
"01J9Z3M6A7B2C4D5E6F7G8H9JR","Gabriela Nunes Ferreira","789.012.345-67"
"01J9Z3M6A7B2C4D5E6F7G8H9JS","Heitor Ramos Diniz","890.123.456-78"
"01J9Z3M6A7B2C4D5E6F7G8H9JT","Isabela Moura Farias","901.234.567-89"
"01J9Z3M6A7B2C4D5E6F7G8H9JU","João Pedro Andrade","012.345.678-90"
"01J9Z3M6A7B2C4D5E6F7G8H9JV","Karen Almeida Brito","147.258.369-00"
"01J9Z3M6A7B2C4D5E6F7G8H9JW","Lucas Vieira Pires","258.369.147-11"
"01J9Z3M6A7B2C4D5E6F7G8H9JX","Mariana Costa Rezende","369.147.258-22"
"01J9Z3M6A7B2C4D5E6F7G8H9JY","Nicolas Barros Azevedo","741.852.963-33"
"01J9Z3M6A7B2C4D5E6F7G8H9JZ","Olívia Teixeira Cury","852.963.741-44"
"01J9Z3M6A7B2C4D5E6F7G8H9K0","Paulo Sérgio Queiroz","963.741.852-55"
"01J9Z3M6A7B2C4D5E6F7G8H9K1","Renata Lopes Figueira","159.753.486-66"
"01J9Z3M6A7B2C4D5E6F7G8H9K2","Sérgio Matos Ribeiro","268.357.149-77"
"01J9Z3M6A7B2C4D5E6F7G8H9K3","Talita Pacheco Lira","357.159.753-88"
"01J9Z3M6A7B2C4D5E6F7G8H9K4","Ulisses Prado Moreira","486.951.357-99"
